id,date,tests,confirmed,recovered,deaths,hosp,vent,icu,population,school_closing,workplace_closing,cancel_events,gatherings_restrictions,transport_closing,stay_home_restrictions,internal_movement_restrictions,international_movement_restrictions,information_campaigns,testing_policy,contact_tracing,stringency_index,iso_alpha_3,iso_alpha_2,iso_numeric,currency,administrative_area_level,administrative_area_level_1,administrative_area_level_2,administrative_area_level_3,latitude,longitude,key,key_apple_mobility,key_google_mobility
USA,1/1/20,0,0,0,0,0,0,0,326687501,0,0,0,0,0,0,0,0,0,0,0,0,USA,US,840,USN,1,United States,,,38,-97,,United States,US
USA,1/2/20,0,0,0,0,0,0,0,326687501,0,0,0,0,0,0,0,0,0,0,0,0,USA,US,840,USN,1,United States,,,38,-97,,United States,US
USA,1/3/20,0,0,0,0,0,0,0,326687501,0,0,0,0,0,0,0,0,0,0,0,0,USA,US,840,USN,1,United States,,,38,-97,,United States,US
USA,1/4/20,0,0,0,0,0,0,0,326687501,0,0,0,0,0,0,0,0,0,0,0,0,USA,US,840,USN,1,United States,,,38,-97,,United States,US
USA,1/5/20,0,0,0,0,0,0,0,326687501,0,0,0,0,0,0,0,0,0,0,0,0,USA,US,840,USN,1,United States,,,38,-97,,United States,US
USA,1/6/20,0,0,0,0,0,0,0,326687501,0,0,0,0,0,0,0,0,0,0,0,0,USA,US,840,USN,1,United States,,,38,-97,,United States,US
USA,1/7/20,0,0,0,0,0,0,0,326687501,0,0,0,0,0,0,0,0,0,0,0,0,USA,US,840,USN,1,United States,,,38,-97,,United States,US
USA,1/8/20,0,0,0,0,0,0,0,326687501,0,0,0,0,0,0,0,0,0,0,0,0,USA,US,840,USN,1,United States,,,38,-97,,United States,US
USA,1/9/20,0,0,0,0,0,0,0,326687501,0,0,0,0,0,0,0,0,0,0,0,0,USA,US,840,USN,1,United States,,,38,-97,,United States,US
USA,1/10/20,0,0,0,0,0,0,0,326687501,0,0,0,0,0,0,0,0,0,0,0,0,USA,US,840,USN,1,United States,,,38,-97,,United States,US
USA,1/11/20,0,0,0,0,0,0,0,326687501,0,0,0,0,0,0,0,0,0,0,0,0,USA,US,840,USN,1,United States,,,38,-97,,United States,US
USA,1/12/20,0,0,0,0,0,0,0,326687501,0,0,0,0,0,0,0,0,0,0,0,0,USA,US,840,USN,1,United States,,,38,-97,,United States,US
USA,1/13/20,0,0,0,0,0,0,0,326687501,0,0,0,0,0,0,0,0,0,0,0,0,USA,US,840,USN,1,United States,,,38,-97,,United States,US
USA,1/14/20,0,0,0,0,0,0,0,326687501,0,0,0,0,0,0,0,0,0,0,0,0,USA,US,840,USN,1,United States,,,38,-97,,United States,US
USA,1/15/20,0,0,0,0,0,0,0,326687501,0,0,0,0,0,0,0,0,0,0,0,0,USA,US,840,USN,1,United States,,,38,-97,,United States,US
USA,1/16/20,0,0,0,0,0,0,0,326687501,0,0,0,0,0,0,0,0,0,0,0,0,USA,US,840,USN,1,United States,,,38,-97,,United States,US
USA,1/17/20,0,0,0,0,0,0,0,326687501,0,0,0,0,0,0,0,0,0,0,0,0,USA,US,840,USN,1,United States,,,38,-97,,United States,US
USA,1/18/20,0,0,0,0,0,0,0,326687501,0,0,0,0,0,0,0,0,0,0,0,0,USA,US,840,USN,1,United States,,,38,-97,,United States,US
USA,1/19/20,0,0,0,0,0,0,0,326687501,0,0,0,0,0,0,0,0,0,0,0,0,USA,US,840,USN,1,United States,,,38,-97,,United States,US
USA,1/20/20,0,0,0,0,0,0,0,326687501,0,0,0,0,0,0,0,0,0,0,0,0,USA,US,840,USN,1,United States,,,38,-97,,United States,US
USA,1/21/20,0,0,0,0,0,0,0,326687501,0,0,0,0,0,0,0,0,0,0,0,0,USA,US,840,USN,1,United States,,,38,-97,,United States,US
USA,1/22/20,0,1,0,0,0,0,0,326687501,0,0,0,0,0,0,0,0,0,0,1,0,USA,US,840,USN,1,United States,,,38,-97,,United States,US
USA,1/23/20,0,1,0,0,0,0,0,326687501,0,0,0,0,0,0,0,0,0,0,1,0,USA,US,840,USN,1,United States,,,38,-97,,United States,US
USA,1/24/20,0,2,0,0,0,0,0,326687501,0,0,0,0,0,0,0,0,0,0,1,0,USA,US,840,USN,1,United States,,,38,-97,,United States,US
USA,1/25/20,0,2,0,0,0,0,0,326687501,0,0,0,0,0,0,0,0,0,0,1,0,USA,US,840,USN,1,United States,,,38,-97,,United States,US
USA,1/26/20,0,5,0,0,0,0,0,326687501,0,0,0,0,0,0,0,0,0,0,1,0,USA,US,840,USN,1,United States,,,38,-97,,United States,US
USA,1/27/20,0,5,0,0,0,0,0,326687501,0,0,0,0,0,0,0,0,0,0,1,0,USA,US,840,USN,1,United States,,,38,-97,,United States,US
USA,1/28/20,0,5,0,0,0,0,0,326687501,0,0,0,0,0,0,0,0,0,0,1,0,USA,US,840,USN,1,United States,,,38,-97,,United States,US
USA,1/29/20,0,6,0,0,0,0,0,326687501,0,0,0,0,0,0,0,0,0,0,1,0,USA,US,840,USN,1,United States,,,38,-97,,United States,US
USA,1/30/20,0,6,0,0,0,0,0,326687501,0,0,0,0,0,0,0,0,0,0,1,0,USA,US,840,USN,1,United States,,,38,-97,,United States,US
USA,1/31/20,0,8,0,0,0,0,0,326687501,0,0,0,0,0,0,0,0,0,0,1,0,USA,US,840,USN,1,United States,,,38,-97,,United States,US
USA,2/1/20,0,8,0,0,0,0,0,326687501,0,0,0,0,0,0,0,0,0,0,1,0,USA,US,840,USN,1,United States,,,38,-97,,United States,US
USA,2/2/20,0,8,0,0,0,0,0,326687501,0,0,0,0,0,0,0,2,0,0,1,5.56,USA,US,840,USN,1,United States,,,38,-97,,United States,US
USA,2/3/20,0,11,0,0,0,0,0,326687501,0,0,0,0,0,0,0,2,0,0,1,5.56,USA,US,840,USN,1,United States,,,38,-97,,United States,US
USA,2/4/20,0,11,0,0,0,0,0,326687501,0,0,0,0,0,0,0,2,0,0,1,5.56,USA,US,840,USN,1,United States,,,38,-97,,United States,US
USA,2/5/20,0,11,0,0,0,0,0,326687501,0,0,0,0,0,0,0,2,0,0,1,5.56,USA,US,840,USN,1,United States,,,38,-97,,United States,US
USA,2/6/20,0,12,0,0,0,0,0,326687501,0,0,0,0,0,0,0,2,0,0,1,5.56,USA,US,840,USN,1,United States,,,38,-97,,United States,US
USA,2/7/20,0,12,0,0,0,0,0,326687501,0,0,0,0,0,0,0,2,0,0,1,5.56,USA,US,840,USN,1,United States,,,38,-97,,United States,US
USA,2/8/20,0,12,0,0,0,0,0,326687501,0,0,0,0,0,0,0,2,0,0,1,5.56,USA,US,840,USN,1,United States,,,38,-97,,United States,US
USA,2/9/20,0,12,3,0,0,0,0,326687501,0,0,0,0,0,0,0,2,0,0,1,5.56,USA,US,840,USN,1,United States,,,38,-97,,United States,US
USA,2/10/20,0,12,3,0,0,0,0,326687501,0,0,0,0,0,0,0,2,0,0,1,5.56,USA,US,840,USN,1,United States,,,38,-97,,United States,US
USA,2/11/20,0,13,3,0,0,0,0,326687501,0,0,0,0,0,0,0,2,0,0,1,5.56,USA,US,840,USN,1,United States,,,38,-97,,United States,US
USA,2/12/20,0,13,3,0,0,0,0,326687501,0,0,0,0,0,0,0,2,0,0,1,5.56,USA,US,840,USN,1,United States,,,38,-97,,United States,US
USA,2/13/20,0,14,3,0,0,0,0,326687501,0,0,0,0,0,0,0,2,0,0,1,5.56,USA,US,840,USN,1,United States,,,38,-97,,United States,US
USA,2/14/20,0,14,3,0,0,0,0,326687501,0,0,0,0,0,0,0,2,0,0,1,5.56,USA,US,840,USN,1,United States,,,38,-97,,United States,US
USA,2/15/20,0,14,3,0,0,0,0,326687501,0,0,0,0,0,0,0,2,0,0,1,5.56,USA,US,840,USN,1,United States,,,38,-97,,United States,US
USA,2/16/20,0,14,3,0,0,0,0,326687501,0,0,0,0,0,0,0,2,0,0,1,5.56,USA,US,840,USN,1,United States,,,38,-97,,United States,US
USA,2/17/20,0,14,3,0,0,0,0,326687501,0,0,0,0,0,0,0,2,0,0,1,5.56,USA,US,840,USN,1,United States,,,38,-97,,United States,US
USA,2/18/20,0,14,3,0,0,0,0,326687501,0,0,0,0,0,0,0,2,0,0,1,5.56,USA,US,840,USN,1,United States,,,38,-97,,United States,US
USA,2/19/20,0,14,3,0,0,0,0,326687501,0,0,0,0,0,0,0,2,0,0,1,5.56,USA,US,840,USN,1,United States,,,38,-97,,United States,US
USA,2/20/20,0,14,3,0,0,0,0,326687501,0,0,0,0,0,0,0,2,0,0,1,5.56,USA,US,840,USN,1,United States,,,38,-97,,United States,US
USA,2/21/20,0,16,5,0,0,0,0,326687501,0,0,0,0,0,0,0,2,0,0,1,5.56,USA,US,840,USN,1,United States,,,38,-97,,United States,US
USA,2/22/20,0,16,5,0,0,0,0,326687501,0,0,0,0,0,0,0,2,0,0,1,5.56,USA,US,840,USN,1,United States,,,38,-97,,United States,US
USA,2/23/20,0,16,5,0,0,0,0,326687501,0,0,0,0,0,0,0,2,0,0,1,5.56,USA,US,840,USN,1,United States,,,38,-97,,United States,US
USA,2/24/20,0,16,5,0,0,0,0,326687501,0,0,0,0,0,0,0,2,0,0,1,5.56,USA,US,840,USN,1,United States,,,38,-97,,United States,US
USA,2/25/20,0,16,6,0,0,0,0,326687501,0,0,0,0,0,0,0,2,0,0,1,5.56,USA,US,840,USN,1,United States,,,38,-97,,United States,US
USA,2/26/20,0,16,6,0,0,0,0,326687501,0,0,0,0,0,0,0,2,0,0,1,5.56,USA,US,840,USN,1,United States,,,38,-97,,United States,US
USA,2/27/20,0,17,6,0,0,0,0,326687501,0,0,0,0,0,0,0,2,0,0,1,5.56,USA,US,840,USN,1,United States,,,38,-97,,United States,US
USA,2/28/20,0,17,7,0,0,0,0,326687501,0,0,0,0,0,0,0,2,0,1,1,5.56,USA,US,840,USN,1,United States,,,38,-97,,United States,US
USA,2/29/20,0,25,7,1,0,0,0,326687501,0,0,0,0,0,0,0,2,0,1,1,5.56,USA,US,840,USN,1,United States,,,38,-97,,United States,US
USA,3/1/20,183,32,7,1,0,0,0,326687501,0,0,1,0,0,0,0,2,0,1,1,8.33,USA,US,840,USN,1,United States,,,38,-97,,United States,US
USA,3/2/20,638,55,7,6,0,0,0,326687501,0,0,1,0,0,0,0,3,0,1,1,11.11,USA,US,840,USN,1,United States,,,38,-97,,United States,US
USA,3/3/20,1443,74,7,7,0,0,0,326687501,0,0,1,0,0,0,0,3,0,1,1,11.11,USA,US,840,USN,1,United States,,,38,-97,,United States,US
USA,3/4/20,2343,107,7,11,0,0,0,326687501,0,0,1,0,0,0,0,3,0,2,1,11.11,USA,US,840,USN,1,United States,,,38,-97,,United States,US
USA,3/5/20,3493,184,7,12,0,0,0,326687501,3,0,1,0,0,0,0,3,0,2,1,20.37,USA,US,840,USN,1,United States,,,38,-97,,United States,US
USA,3/6/20,5004,237,7,14,0,0,0,326687501,3,0,1,0,0,0,0,3,0,2,1,20.37,USA,US,840,USN,1,United States,,,38,-97,,United States,US
USA,3/7/20,6800,403,7,17,0,0,0,326687501,3,0,1,0,0,0,0,3,0,2,1,20.37,USA,US,840,USN,1,United States,,,38,-97,,United States,US
USA,3/8/20,8379,519,7,21,0,0,0,326687501,3,0,1,0,0,0,0,3,0,2,1,20.37,USA,US,840,USN,1,United States,,,38,-97,,United States,US
USA,3/9/20,10574,594,7,22,0,0,0,326687501,3,0,1,0,0,0,0,3,0,2,1,20.37,USA,US,840,USN,1,United States,,,38,-97,,United States,US
USA,3/10/20,13728,782,8,28,0,0,0,326687501,3,0,1,0,0,0,0,3,0,2,1,20.37,USA,US,840,USN,1,United States,,,38,-97,,United States,US
USA,3/11/20,18200,1147,8,33,0,0,0,326687501,3,0,1,1,0,0,0,3,0,2,1,21.76,USA,US,840,USN,1,United States,,,38,-97,,United States,US
USA,3/12/20,26684,1586,12,43,0,0,0,326687501,3,0,2,2,0,0,0,3,0,2,1,30.09,USA,US,840,USN,1,United States,,,38,-97,,United States,US
USA,3/13/20,37802,2219,12,51,0,0,0,326687501,3,0,2,2,0,0,0,3,0,2,1,30.09,USA,US,840,USN,1,United States,,,38,-97,,United States,US
USA,3/14/20,50296,2978,12,58,0,0,0,326687501,3,0,2,2,0,0,1,3,0,3,1,35.65,USA,US,840,USN,1,United States,,,38,-97,,United States,US
USA,3/15/20,63856,3212,12,70,0,0,0,326687501,3,0,2,2,0,2,1,3,0,3,1,41.2,USA,US,840,USN,1,United States,,,38,-97,,United States,US
USA,3/16/20,89317,4679,17,97,0,0,0,326687501,3,0,2,2,0,2,1,3,2,3,1,52.31,USA,US,840,USN,1,United States,,,38,-97,,United States,US
USA,3/17/20,127884,6512,17,132,0,0,0,326687501,3,0,2,2,1,2,1,3,2,3,1,55.09,USA,US,840,USN,1,United States,,,38,-97,,United States,US
USA,3/18/20,177840,9169,105,191,0,0,0,326687501,3,0,2,2,1,2,1,3,2,3,1,55.09,USA,US,840,USN,1,United States,,,38,-97,,United States,US
USA,3/19/20,238079,13663,121,264,0,0,0,326687501,3,3,2,2,1,2,2,3,2,3,1,67.13,USA,US,840,USN,1,United States,,,38,-97,,United States,US
USA,3/20/20,312737,20030,147,365,0,0,0,326687501,3,3,2,2,1,2,2,3,2,3,1,67.13,USA,US,840,USN,1,United States,,,38,-97,,United States,US
USA,3/21/20,387454,26025,176,464,0,0,0,326687501,3,3,2,4,1,2,2,3,2,3,1,72.69,USA,US,840,USN,1,United States,,,38,-97,,United States,US
USA,3/22/20,459609,34855,178,574,0,0,0,326687501,3,3,2,4,1,2,2,3,2,3,1,72.69,USA,US,840,USN,1,United States,,,38,-97,,United States,US
USA,3/23/20,537042,46080,178,762,0,0,0,326687501,3,3,2,4,1,2,2,3,2,3,1,72.69,USA,US,840,USN,1,United States,,,38,-97,,United States,US
USA,3/24/20,639432,56685,348,1003,0,0,0,326687501,3,3,2,4,1,2,2,3,2,3,1,72.69,USA,US,840,USN,1,United States,,,38,-97,,United States,US
USA,3/25/20,750749,68754,361,1329,0,0,0,326687501,3,3,2,4,1,2,2,3,2,3,1,72.69,USA,US,840,USN,1,United States,,,38,-97,,United States,US
USA,3/26/20,876354,86613,681,1741,0,0,0,326687501,3,3,2,4,1,2,2,3,2,3,1,72.69,USA,US,840,USN,1,United States,,,38,-97,,United States,US
USA,3/27/20,1008689,105293,869,2259,0,0,0,326687501,3,3,2,4,1,2,2,3,2,3,1,72.69,USA,US,840,USN,1,United States,,,38,-97,,United States,US
USA,3/28/20,1129499,124900,1072,2891,0,0,0,326687501,3,3,2,4,1,2,2,3,2,3,1,72.69,USA,US,840,USN,1,United States,,,38,-97,,United States,US
USA,3/29/20,1238936,143779,2665,3484,0,0,0,326687501,3,3,2,4,1,2,2,3,2,3,1,72.69,USA,US,840,USN,1,United States,,,38,-97,,United States,US
USA,3/30/20,1358516,165835,5644,4180,0,0,0,326687501,3,3,2,4,1,2,2,3,2,3,1,72.69,USA,US,840,USN,1,United States,,,38,-97,,United States,US
USA,3/31/20,1497446,192177,7024,5272,0,0,0,326687501,3,3,2,4,1,2,2,3,2,3,1,72.69,USA,US,840,USN,1,United States,,,38,-97,,United States,US
USA,4/1/20,1647722,218035,8474,6452,0,0,0,326687501,3,3,2,4,1,2,2,3,2,3,1,72.69,USA,US,840,USN,1,United States,,,38,-97,,United States,US
USA,4/2/20,1806086,248447,9001,7954,0,0,0,326687501,3,3,2,4,1,2,2,3,2,3,1,72.69,USA,US,840,USN,1,United States,,,38,-97,,United States,US
USA,4/3/20,1972145,280417,9707,9348,0,0,0,326687501,3,3,2,4,1,2,2,3,2,3,1,72.69,USA,US,840,USN,1,United States,,,38,-97,,United States,US
USA,4/4/20,2119494,313417,14652,10892,0,0,0,326687501,3,3,2,4,1,2,2,3,2,3,1,72.69,USA,US,840,USN,1,United States,,,38,-97,,United States,US
USA,4/5/20,2258181,341629,17448,12458,0,0,0,326687501,3,3,2,4,1,2,2,3,2,3,1,72.69,USA,US,840,USN,1,United States,,,38,-97,,United States,US
USA,4/6/20,2398138,371802,19581,14234,0,0,0,326687501,3,3,2,4,1,2,2,3,2,3,1,72.69,USA,US,840,USN,1,United States,,,38,-97,,United States,US
USA,4/7/20,2575108,403212,21763,16798,0,0,0,326687501,3,3,2,4,1,2,2,3,2,3,1,72.69,USA,US,840,USN,1,United States,,,38,-97,,United States,US
USA,4/8/20,2739584,435375,23559,18953,0,0,0,326687501,3,3,2,4,1,2,2,3,2,3,1,72.69,USA,US,840,USN,1,United States,,,38,-97,,United States,US
USA,4/9/20,2910450,469989,25410,21184,0,0,0,326687501,3,3,2,4,1,2,2,3,2,3,1,72.69,USA,US,840,USN,1,United States,,,38,-97,,United States,US
USA,4/10/20,3086093,503439,28790,23395,0,0,0,326687501,3,3,2,4,1,2,2,3,2,3,1,72.69,USA,US,840,USN,1,United States,,,38,-97,,United States,US
USA,4/11/20,3298957,532761,31270,25530,0,0,0,326687501,3,3,2,4,1,2,2,3,2,3,1,72.69,USA,US,840,USN,1,United States,,,38,-97,,United States,US
USA,4/12/20,3411087,559695,32988,27335,0,0,0,326687501,3,3,2,4,1,2,2,3,2,3,1,72.69,USA,US,840,USN,1,United States,,,38,-97,,United States,US
USA,4/13/20,3524221,585518,43482,29281,0,0,0,326687501,3,3,2,4,1,2,2,3,2,3,1,72.69,USA,US,840,USN,1,United States,,,38,-97,,United States,US
USA,4/14/20,3683476,614061,47763,31726,0,0,0,326687501,3,3,2,4,1,2,2,3,2,3,1,72.69,USA,US,840,USN,1,United States,,,38,-97,,United States,US
USA,4/15/20,3852952,644213,52096,34335,0,0,0,326687501,3,3,2,4,1,2,2,3,2,3,1,72.69,USA,US,840,USN,1,United States,,,38,-97,,United States,US
USA,4/16/20,4034371,675624,54703,36506,0,0,0,326687501,3,3,2,4,1,2,2,3,2,3,1,72.69,USA,US,840,USN,1,United States,,,38,-97,,United States,US
USA,4/17/20,4229661,708296,58545,38597,0,0,0,326687501,3,3,2,4,1,2,2,3,2,3,1,72.69,USA,US,840,USN,1,United States,,,38,-97,,United States,US
USA,4/18/20,4394400,736237,64840,40567,0,0,0,326687501,3,3,2,4,1,2,2,3,2,3,1,72.69,USA,US,840,USN,1,United States,,,38,-97,,United States,US
USA,4/19/20,4530860,761932,70337,42499,0,0,0,326687501,3,3,2,4,1,2,2,3,2,3,1,72.69,USA,US,840,USN,1,United States,,,38,-97,,United States,US
USA,4/20/20,4688822,790348,72329,44679,0,0,0,326687501,3,3,2,4,1,2,2,3,2,3,1,72.69,USA,US,840,USN,1,United States,,,38,-97,,United States,US
USA,4/21/20,4915851,816389,75204,47221,0,0,0,326687501,3,3,2,4,1,2,2,3,2,3,1,72.69,USA,US,840,USN,1,United States,,,38,-97,,United States,US
USA,4/22/20,5147129,845698,77366,49659,0,0,0,326687501,3,3,2,4,1,2,2,3,2,3,1,72.69,USA,US,840,USN,1,United States,,,38,-97,,United States,US
USA,4/23/20,5375097,878911,80203,52125,0,0,0,326687501,3,3,2,4,1,2,2,3,2,3,1,72.69,USA,US,840,USN,1,United States,,,38,-97,,United States,US
USA,4/24/20,5639130,912662,99079,54285,0,0,0,326687501,3,3,2,4,1,2,2,3,2,3,1,72.69,USA,US,840,USN,1,United States,,,38,-97,,United States,US
USA,4/25/20,5857147,944211,100372,55988,0,0,0,326687501,3,3,2,4,1,2,2,3,2,3,1,72.69,USA,US,840,USN,1,United States,,,38,-97,,United States,US
USA,4/26/20,6029167,971066,106988,57322,0,0,0,326687501,3,3,2,4,1,2,2,3,2,3,1,72.69,USA,US,840,USN,1,United States,,,38,-97,,United States,US
USA,4/27/20,6252538,994253,111424,58787,0,0,0,326687501,3,3,2,4,1,2,2,3,2,3,1,72.69,USA,US,840,USN,1,United States,,,38,-97,,United States,US
USA,4/28/20,6518278,1018907,115936,61028,0,0,0,326687501,3,3,2,4,1,2,2,3,2,3,1,72.69,USA,US,840,USN,1,United States,,,38,-97,,United States,US
USA,4/29/20,6811875,1046722,120720,63555,0,0,0,326687501,3,3,2,4,1,2,2,3,2,3,1,72.69,USA,US,840,USN,1,United States,,,38,-97,,United States,US
USA,4/30/20,7129147,1076203,153947,65971,0,0,0,326687501,3,3,2,4,1,2,2,3,2,3,1,72.69,USA,US,840,USN,1,United States,,,38,-97,,United States,US
USA,5/1/20,7461891,1110443,164015,67848,0,0,0,326687501,3,3,2,4,1,2,2,3,2,3,1,72.69,USA,US,840,USN,1,United States,,,38,-97,,United States,US
USA,5/2/20,7727913,1138215,175382,69535,0,0,0,326687501,3,3,2,4,1,2,2,3,2,3,1,72.69,USA,US,840,USN,1,United States,,,38,-97,,United States,US
USA,5/3/20,7943861,1162681,180152,70638,0,0,0,326687501,3,3,2,4,1,2,2,3,2,3,1,72.69,USA,US,840,USN,1,United States,,,38,-97,,United States,US
USA,5/4/20,8192397,1186063,187180,71956,0,0,0,326687501,3,3,2,4,1,2,2,3,2,3,1,72.69,USA,US,840,USN,1,United States,,,38,-97,,United States,US
USA,5/5/20,8506133,1210541,189791,74255,0,0,0,326687501,3,3,2,4,1,2,2,3,2,3,1,72.69,USA,US,840,USN,1,United States,,,38,-97,,United States,US
USA,5/6/20,8859801,1235639,189910,76599,0,0,0,326687501,3,3,2,4,1,2,2,3,2,3,1,72.69,USA,US,840,USN,1,United States,,,38,-97,,United States,US
USA,5/7/20,9219958,1263365,195036,78523,0,0,0,326687501,3,3,2,4,1,2,2,3,2,3,1,72.69,USA,US,840,USN,1,United States,,,38,-97,,United States,US
USA,5/8/20,9617563,1290121,198993,80275,0,0,0,326687501,3,3,2,4,1,2,2,3,2,3,1,72.69,USA,US,840,USN,1,United States,,,38,-97,,United States,US
USA,5/9/20,9950282,1315078,212534,81817,0,0,0,326687501,3,3,2,4,1,2,2,3,2,3,1,72.69,USA,US,840,USN,1,United States,,,38,-97,,United States,US
USA,5/10/20,10198341,1333956,216169,82717,0,0,0,326687501,3,3,2,4,1,2,2,3,2,3,1,72.69,USA,US,840,USN,1,United States,,,38,-97,,United States,US
USA,5/11/20,10515099,1353366,232733,83719,0,0,0,326687501,3,3,2,4,1,2,2,3,2,3,1,72.69,USA,US,840,USN,1,United States,,,38,-97,,United States,US
USA,5/12/20,10928136,1376091,230287,85333,0,0,0,326687501,3,3,2,4,1,2,2,3,2,3,1,72.69,USA,US,840,USN,1,United States,,,38,-97,,United States,US
USA,5/13/20,11369498,1397050,243430,87082,0,0,0,326687501,3,3,2,4,1,2,2,3,2,3,1,72.69,USA,US,840,USN,1,United States,,,38,-97,,United States,US
USA,5/14/20,11816295,1424212,246414,88856,0,0,0,326687501,3,3,2,4,1,2,2,3,2,3,1,72.69,USA,US,840,USN,1,United States,,,38,-97,,United States,US
USA,5/15/20,12260085,1449467,250747,90520,0,0,0,326687501,3,3,2,4,1,2,2,3,2,3,1,72.69,USA,US,840,USN,1,United States,,,38,-97,,United States,US
USA,5/16/20,12621732,1473497,268376,91792,0,0,0,326687501,3,3,2,4,1,2,2,3,2,3,1,72.69,USA,US,840,USN,1,United States,,,38,-97,,United States,US
USA,5/17/20,12928097,1491804,272265,92547,0,0,0,326687501,3,3,2,4,1,2,2,3,2,3,1,72.69,USA,US,840,USN,1,United States,,,38,-97,,United States,US
USA,5/18/20,13277391,1513789,283178,93714,0,0,0,326687501,3,3,2,4,1,2,2,3,2,3,1,72.69,USA,US,840,USN,1,United States,,,38,-97,,United States,US
USA,5/19/20,13701445,1534835,289392,95240,0,0,0,326687501,3,3,2,4,1,2,2,3,2,3,1,72.69,USA,US,840,USN,1,United States,,,38,-97,,United States,US
USA,5/20/20,14157199,1557967,294312,96758,0,0,0,326687501,3,3,2,4,1,2,2,3,2,3,1,72.69,USA,US,840,USN,1,United States,,,38,-97,,United States,US
USA,5/21/20,14616338,1583760,298418,97969,0,0,0,326687501,3,3,2,4,1,2,2,3,2,3,1,72.69,USA,US,840,USN,1,United States,,,38,-97,,United States,US
USA,5/22/20,15104088,1607071,350135,99214,0,0,0,326687501,3,3,2,4,1,2,2,3,2,3,1,72.69,USA,US,840,USN,1,United States,,,38,-97,,United States,US
USA,5/23/20,15491658,1628134,361239,100348,0,0,0,326687501,3,3,2,4,1,2,2,3,2,3,1,72.69,USA,US,840,USN,1,United States,,,38,-97,,United States,US
USA,5/24/20,15837121,1648146,366736,100964,0,0,0,326687501,3,3,2,4,1,2,2,3,2,3,1,72.69,USA,US,840,USN,1,United States,,,38,-97,,United States,US
USA,5/25/20,16172129,1666542,379157,101521,0,0,0,326687501,3,3,2,4,1,2,2,3,2,3,1,72.69,USA,US,840,USN,1,United States,,,38,-97,,United States,US
USA,5/26/20,16629510,1685931,384902,102185,0,0,0,326687501,3,3,2,4,1,2,2,3,2,3,1,72.69,USA,US,840,USN,1,United States,,,38,-97,,United States,US
USA,5/27/20,17176213,1704448,391508,103693,0,0,0,326687501,3,3,2,4,1,2,2,3,2,3,1,72.69,USA,US,840,USN,1,United States,,,38,-97,,United States,US
USA,5/28/20,17706865,1727316,399991,104876,0,0,0,326687501,3,3,2,4,1,2,2,3,2,3,1,72.69,USA,US,840,USN,1,United States,,,38,-97,,United States,US
USA,5/29/20,18245109,1751532,406446,106031,0,0,0,326687501,3,3,2,4,1,2,2,3,2,3,1,72.69,USA,US,840,USN,1,United States,,,38,-97,,United States,US
USA,5/30/20,18699560,1775411,416461,106985,0,0,0,326687501,3,3,2,4,1,2,2,3,2,3,1,72.69,USA,US,840,USN,1,United States,,,38,-97,,United States,US
USA,5/31/20,19076566,1794444,444758,107674,0,0,0,326687501,3,3,2,4,1,2,2,3,2,3,1,72.69,USA,US,840,USN,1,United States,,,38,-97,,United States,US
USA,6/1/20,19515874,1811364,458231,108451,0,0,0,326687501,3,3,2,4,1,2,2,3,2,3,1,72.69,USA,US,840,USN,1,United States,,,38,-97,,United States,US
USA,6/2/20,20036075,1832750,463868,109500,0,0,0,326687501,3,3,2,4,1,2,2,3,2,3,1,72.69,USA,US,840,USN,1,United States,,,38,-97,,United States,US
USA,6/3/20,20621313,1852783,479258,110494,0,0,0,326687501,3,3,2,4,1,2,2,3,2,3,1,72.69,USA,US,840,USN,1,United States,,,38,-97,,United States,US
USA,6/4/20,21241999,1874133,485002,111499,0,0,0,326687501,3,3,2,4,1,2,2,3,2,3,1,72.69,USA,US,840,USN,1,United States,,,38,-97,,United States,US
USA,6/5/20,21819393,1899531,491706,112405,0,0,0,326687501,3,3,2,4,1,2,2,3,2,3,1,72.69,USA,US,840,USN,1,United States,,,38,-97,,United States,US
USA,6/6/20,22290329,1920893,500849,113102,0,0,0,326687501,3,3,2,4,1,2,2,3,2,3,1,72.69,USA,US,840,USN,1,United States,,,38,-97,,United States,US
USA,6/7/20,22700793,1938579,506367,113543,0,0,0,326687501,3,3,2,4,1,2,2,3,2,3,1,72.69,USA,US,840,USN,1,United States,,,38,-97,,United States,US
USA,6/8/20,23152798,1956121,518522,114040,0,0,0,326687501,3,3,2,4,1,2,2,3,2,3,1,72.69,USA,US,840,USN,1,United States,,,38,-97,,United States,US
USA,6/9/20,23710636,1974436,524855,114970,0,0,0,326687501,3,3,2,4,1,2,2,3,2,3,1,72.69,USA,US,840,USN,1,United States,,,38,-97,,United States,US
USA,6/10/20,24336997,1995392,533504,115869,0,0,0,326687501,3,3,2,4,1,2,2,3,2,3,1,72.69,USA,US,840,USN,1,United States,,,38,-97,,United States,US
USA,6/11/20,24950282,2018432,540292,116723,0,0,0,326687501,3,3,2,4,1,2,2,3,2,3,1,72.69,USA,US,840,USN,1,United States,,,38,-97,,United States,US
USA,6/12/20,25568583,2043341,547386,117543,0,0,0,326687501,3,3,2,4,1,2,2,3,2,3,1,72.69,USA,US,840,USN,1,United States,,,38,-97,,United States,US
USA,6/13/20,26102672,2068537,556606,118316,0,0,0,326687501,3,3,2,4,1,2,2,3,2,3,1,72.69,USA,US,840,USN,1,United States,,,38,-97,,United States,US
USA,6/14/20,26520858,2087608,561816,118629,0,0,0,326687501,3,3,2,4,1,2,2,3,2,3,1,72.69,USA,US,840,USN,1,United States,,,38,-97,,United States,US
USA,6/15/20,27028601,2107106,576334,119012,0,0,0,326687501,3,2,2,4,1,2,2,3,2,3,1,68.98,USA,US,840,USN,1,United States,,,38,-97,,United States,US
USA,6/16/20,27696588,2130753,583503,119833,0,0,0,326687501,3,2,2,4,1,2,2,3,2,3,1,68.98,USA,US,840,USN,1,United States,,,38,-97,,United States,US
USA,6/17/20,28397529,2157124,592191,120564,0,0,0,326687501,3,2,2,4,1,2,2,3,2,3,1,68.98,USA,US,840,USN,1,United States,,,38,-97,,United States,US
USA,6/18/20,29102662,2185059,599115,121272,0,0,0,326687501,3,2,2,4,1,2,2,3,2,3,1,68.98,USA,US,840,USN,1,United States,,,38,-97,,United States,US
USA,6/19/20,29809393,2216056,606715,121933,0,0,0,326687501,3,2,2,4,1,2,2,3,2,3,1,68.98,USA,US,840,USN,1,United States,,,38,-97,,United States,US
USA,6/20/20,30394459,2247987,617460,122540,0,0,0,326687501,3,2,2,4,1,2,2,3,2,3,1,68.98,USA,US,840,USN,1,United States,,,38,-97,,United States,US
USA,6/21/20,30822767,2274003,622133,122833,0,0,0,326687501,3,2,2,4,1,2,2,3,2,3,1,68.98,USA,US,840,USN,1,United States,,,38,-97,,United States,US
USA,6/22/20,31372551,2304675,640198,123217,0,0,0,326687501,3,2,2,4,1,2,2,3,2,3,1,68.98,USA,US,840,USN,1,United States,,,38,-97,,United States,US
USA,6/23/20,32068531,2340836,647548,124059,0,0,0,326687501,3,2,2,4,1,2,2,3,2,3,1,68.98,USA,US,840,USN,1,United States,,,38,-97,,United States,US
USA,6/24/20,32825158,2375209,656161,124814,0,0,0,326687501,3,2,2,4,1,2,2,3,2,3,1,68.98,USA,US,840,USN,1,United States,,,38,-97,,United States,US
USA,6/25/20,33596501,2415570,663562,125360,0,0,0,326687501,3,2,2,4,1,2,2,3,2,3,1,68.98,USA,US,840,USN,1,United States,,,38,-97,,United States,US
USA,6/26/20,34404507,2460898,670809,125981,0,0,0,326687501,3,2,2,4,1,2,2,3,2,3,1,68.98,USA,US,840,USN,1,United States,,,38,-97,,United States,US
USA,6/27/20,35103091,2502411,679308,126483,0,0,0,326687501,3,2,2,4,1,2,2,3,2,3,1,68.98,USA,US,840,USN,1,United States,,,38,-97,,United States,US
USA,6/28/20,35676955,2542727,685164,126761,0,0,0,326687501,3,2,2,4,1,2,2,3,2,3,1,68.98,USA,US,840,USN,1,United States,,,38,-97,,United States,US
USA,6/29/20,36337731,2582721,705203,127139,0,0,0,326687501,3,2,2,4,1,2,2,3,2,3,1,68.98,USA,US,840,USN,1,United States,,,38,-97,,United States,US
USA,6/30/20,37182729,2628753,720631,127787,0,0,0,326687501,3,2,2,4,1,2,2,3,2,3,1,68.98,USA,US,840,USN,1,United States,,,38,-97,,United States,US
USA,7/1/20,38057428,2680294,729994,128479,0,0,0,326687501,3,2,2,4,1,2,2,3,2,3,1,68.98,USA,US,840,USN,1,United States,,,38,-97,,United States,US
USA,7/2/20,38905070,2735926,781970,129199,0,0,0,326687501,3,2,2,4,1,2,2,3,2,3,1,68.98,USA,US,840,USN,1,United States,,,38,-97,,United States,US
USA,7/3/20,39691736,2787598,790404,129858,0,0,0,326687501,3,2,2,4,1,2,2,3,2,3,1,68.98,USA,US,840,USN,1,United States,,,38,-97,,United States,US
USA,7/4/20,40310967,2833232,894325,130127,0,0,0,326687501,3,2,2,4,1,2,2,3,2,3,1,68.98,USA,US,840,USN,1,United States,,,38,-97,,United States,US
USA,7/5/20,40837732,2882830,906763,130416,0,0,0,326687501,3,2,2,4,1,2,2,3,2,3,1,68.98,USA,US,840,USN,1,United States,,,38,-97,,United States,US
USA,7/6/20,41548154,2927021,924148,130777,0,0,0,326687501,3,2,2,4,1,2,2,3,2,3,1,68.98,USA,US,840,USN,1,United States,,,38,-97,,United States,US
USA,7/7/20,42429612,2987639,936476,131984,0,0,0,326687501,3,2,2,4,1,2,2,3,2,3,1,68.98,USA,US,840,USN,1,United States,,,38,-97,,United States,US
USA,7/8/20,43393799,3047438,953462,132847,0,0,0,326687501,3,2,2,4,1,2,2,3,2,3,1,68.98,USA,US,840,USN,1,United States,,,38,-97,,United States,US
USA,7/9/20,44384137,3109997,969111,133845,0,0,0,326687501,3,2,2,4,1,2,2,3,2,3,1,68.98,USA,US,840,USN,1,United States,,,38,-97,,United States,US
USA,7/10/20,45378528,3177856,983185,134666,0,0,0,326687501,3,2,2,4,1,2,2,3,2,3,1,68.98,USA,US,840,USN,1,United States,,,38,-97,,United States,US
USA,7/11/20,46208827,3237911,995576,135359,0,0,0,326687501,3,2,2,4,1,2,2,3,2,3,1,68.98,USA,US,840,USN,1,United States,,,38,-97,,United States,US
USA,7/12/20,46899893,3297011,1006326,135820,0,0,0,326687501,3,2,2,4,1,2,2,3,2,3,1,68.98,USA,US,840,USN,1,United States,,,38,-97,,United States,US
USA,7/13/20,47754089,3355793,1031939,136188,0,0,0,326687501,3,2,2,4,1,2,2,3,2,3,1,68.98,USA,US,840,USN,1,United States,,,38,-97,,United States,US
USA,7/14/20,48732122,3423156,1049098,137108,0,0,0,326687501,3,2,2,4,1,2,2,3,2,3,1,68.98,USA,US,840,USN,1,United States,,,38,-97,,United States,US
USA,7/15/20,49746936,3490765,1075882,138080,0,0,0,326687501,3,2,2,4,1,2,2,3,2,3,1,68.98,USA,US,840,USN,1,United States,,,38,-97,,United States,US
USA,7/16/20,50758789,3567937,1090645,139030,0,0,0,326687501,3,2,2,4,1,2,2,3,2,3,1,68.98,USA,US,840,USN,1,United States,,,38,-97,,United States,US
USA,7/17/20,51792462,3639586,1107204,139963,0,0,0,326687501,3,2,2,4,1,2,2,3,2,3,1,68.98,USA,US,840,USN,1,United States,,,38,-97,,United States,US
USA,7/18/20,52686899,3702091,1122720,140825,0,0,0,326687501,3,2,2,4,1,2,2,3,2,3,1,68.98,USA,US,840,USN,1,United States,,,38,-97,,United States,US
USA,7/19/20,53402891,3762878,1131121,141278,0,0,0,326687501,3,2,2,4,1,2,2,3,2,3,1,68.98,USA,US,840,USN,1,United States,,,38,-97,,United States,US
USA,7/20/20,54290895,3824330,1160087,141802,0,0,0,326687501,3,2,2,4,1,1,2,3,2,3,1,67.13,USA,US,840,USN,1,United States,,,38,-97,,United States,US
USA,7/21/20,55296560,3888437,1182018,142903,0,0,0,326687501,3,2,2,4,1,1,2,3,2,3,1,67.13,USA,US,840,USN,1,United States,,,38,-97,,United States,US
USA,7/22/20,56386861,3960276,1210849,144123,0,0,0,326687501,3,2,2,4,1,1,2,3,2,3,1,67.13,USA,US,840,USN,1,United States,,,38,-97,,United States,US
USA,7/23/20,57443279,4028867,1233269,145215,0,0,0,326687501,3,2,2,4,1,1,2,3,2,3,1,67.13,USA,US,840,USN,1,United States,,,38,-97,,United States,US
USA,7/24/20,58493596,4102027,1261624,146345,0,0,0,326687501,3,2,2,4,1,1,2,3,2,3,1,67.13,USA,US,840,USN,1,United States,,,38,-97,,United States,US
USA,7/25/20,59364681,4167452,1279414,147233,0,0,0,326687501,3,2,2,4,1,1,2,3,2,3,1,67.13,USA,US,840,USN,1,United States,,,38,-97,,United States,US
USA,7/26/20,60034286,4222488,1297863,147716,0,0,0,326687501,3,2,2,4,1,1,2,3,2,3,1,67.13,USA,US,840,USN,1,United States,,,38,-97,,United States,US
USA,7/27/20,60810542,4278460,1325804,148833,0,0,0,326687501,3,2,2,4,1,1,2,3,2,3,1,67.13,USA,US,840,USN,1,United States,,,38,-97,,United States,US
USA,7/28/20,61741207,4344232,1355363,150204,0,0,0,326687501,3,2,2,4,1,1,2,3,2,3,1,67.13,USA,US,840,USN,1,United States,,,38,-97,,United States,US
USA,7/29/20,62753001,4415991,1389425,151635,0,0,0,326687501,3,2,2,4,1,1,2,3,2,3,1,67.13,USA,US,840,USN,1,United States,,,38,-97,,United States,US
USA,7/30/20,63778773,4483552,1414155,152851,0,0,0,326687501,3,2,2,4,1,1,2,3,2,3,1,67.13,USA,US,840,USN,1,United States,,,38,-97,,United States,US
USA,7/31/20,64750970,4550214,1438160,154093,0,0,0,326687501,3,2,2,4,1,1,2,3,2,3,1,67.13,USA,US,840,USN,1,United States,,,38,-97,,United States,US
USA,8/1/20,65532075,4607983,1461885,155202,0,0,0,326687501,3,2,2,4,1,1,2,3,2,3,1,67.13,USA,US,840,USN,1,United States,,,38,-97,,United States,US
USA,8/2/20,66151464,4654133,1468689,155613,0,0,0,326687501,3,2,2,4,1,1,2,3,2,3,1,67.13,USA,US,840,USN,1,United States,,,38,-97,,United States,US
USA,8/3/20,66903845,4698705,1513446,156152,0,0,0,326687501,3,2,2,4,1,1,2,3,2,3,1,67.13,USA,US,840,USN,1,United States,,,38,-97,,United States,US
USA,8/4/20,67754574,4755862,1528979,157526,0,0,0,326687501,3,2,2,4,1,1,2,3,2,3,1,67.13,USA,US,840,USN,1,United States,,,38,-97,,United States,US
USA,8/5/20,68685362,4810377,1577851,158902,0,0,0,326687501,3,2,2,4,1,1,2,3,2,3,1,67.13,USA,US,840,USN,1,United States,,,38,-97,,United States,US
USA,8/6/20,69645366,4869668,1598624,160150,0,0,0,326687501,3,2,2,4,1,1,2,3,2,3,1,67.13,USA,US,840,USN,1,United States,,,38,-97,,United States,US
USA,8/7/20,70630856,4927811,1623870,161387,0,0,0,326687501,3,2,2,4,1,1,2,3,2,3,1,67.13,USA,US,840,USN,1,United States,,,38,-97,,United States,US
USA,8/8/20,71427501,4982203,1643118,162470,0,0,0,326687501,3,2,2,4,1,1,2,3,2,3,1,67.13,USA,US,840,USN,1,United States,,,38,-97,,United States,US
USA,8/9/20,72052714,5028443,1656864,162986,0,0,0,326687501,3,2,2,4,1,1,2,3,2,3,1,67.13,USA,US,840,USN,1,United States,,,38,-97,,United States,US
USA,8/10/20,72813278,5077133,1670755,163512,0,0,0,326687501,3,2,2,4,1,1,2,3,2,3,1,67.13,USA,US,840,USN,1,United States,,,38,-97,,United States,US
USA,8/11/20,73684012,5124014,1714960,164581,0,0,0,326687501,3,2,2,4,1,1,2,3,2,3,1,67.13,USA,US,840,USN,1,United States,,,38,-97,,United States,US
USA,8/12/20,74668785,5180717,1753760,166087,0,0,0,326687501,3,2,2,4,1,1,2,3,2,3,1,67.13,USA,US,840,USN,1,United States,,,38,-97,,United States,US
USA,8/13/20,75622491,5232435,1774648,167151,0,0,0,326687501,3,2,2,4,1,1,2,3,2,3,1,67.13,USA,US,840,USN,1,United States,,,38,-97,,United States,US
USA,8/14/20,76567690,5297168,1796326,168494,0,0,0,326687501,3,2,2,4,1,1,2,3,2,3,1,67.13,USA,US,840,USN,1,United States,,,38,-97,,United States,US
USA,8/15/20,77321423,5343926,1818527,169524,0,0,0,326687501,3,2,2,4,1,1,2,3,2,3,1,67.13,USA,US,840,USN,1,United States,,,38,-97,,United States,US
USA,8/16/20,77883713,5385099,1833067,170099,0,0,0,326687501,3,2,2,4,1,1,2,3,2,3,1,67.13,USA,US,840,USN,1,United States,,,38,-97,,United States,US
USA,8/17/20,78540901,5421610,1865580,170544,0,0,0,326687501,3,2,2,4,1,1,2,3,2,3,1,67.13,USA,US,840,USN,1,United States,,,38,-97,,United States,US
USA,8/18/20,79407608,5466634,1898159,171876,0,0,0,326687501,3,2,2,4,1,1,2,3,2,3,1,67.13,USA,US,840,USN,1,United States,,,38,-97,,United States,US
USA,8/19/20,80369187,5513998,1925049,173207,0,0,0,326687501,3,2,2,4,1,1,2,3,2,3,1,67.13,USA,US,840,USN,1,United States,,,38,-97,,United States,US
USA,8/20/20,81337651,5558067,1947035,174285,0,0,0,326687501,3,2,2,4,1,1,2,3,2,3,1,67.13,USA,US,840,USN,1,United States,,,38,-97,,United States,US
USA,8/21/20,82276118,5606317,1965056,175396,0,0,0,326687501,3,2,2,4,1,1,2,3,2,3,1,67.13,USA,US,840,USN,1,United States,,,38,-97,,United States,US
USA,8/22/20,83054582,5649966,1985484,176380,0,0,0,326687501,3,2,2,4,1,1,2,3,2,3,1,67.13,USA,US,840,USN,1,United States,,,38,-97,,United States,US
USA,8/23/20,83608046,5684419,1997761,176835,0,0,0,326687501,3,2,2,4,1,1,2,3,2,3,1,67.13,USA,US,840,USN,1,United States,,,38,-97,,United States,US
USA,8/24/20,84260286,5720909,2020774,177279,0,0,0,326687501,3,2,2,4,1,1,2,3,2,3,1,67.13,USA,US,840,USN,1,United States,,,38,-97,,United States,US
USA,8/25/20,85136154,5760722,2053699,178509,0,0,0,326687501,3,2,2,4,1,1,2,3,2,3,1,67.13,USA,US,840,USN,1,United States,,,38,-97,,United States,US
USA,8/26/20,86115474,5806212,2084465,179737,0,0,0,326687501,3,2,2,4,1,1,2,3,2,3,1,67.13,USA,US,840,USN,1,United States,,,38,-97,,United States,US
USA,8/27/20,87102835,5851281,2101326,180841,0,0,0,326687501,3,2,2,4,1,1,2,3,2,3,1,67.13,USA,US,840,USN,1,United States,,,38,-97,,United States,US
USA,8/28/20,88068449,5897820,2118367,181813,0,0,0,326687501,3,2,2,4,1,1,2,3,2,3,1,67.13,USA,US,840,USN,1,United States,,,38,-97,,United States,US
USA,8/29/20,88855236,5943118,2140614,182777,0,0,0,326687501,3,2,2,4,1,1,2,3,2,3,1,67.13,USA,US,840,USN,1,United States,,,38,-97,,United States,US
USA,8/30/20,89476135,5977868,2153939,183089,0,0,0,326687501,3,2,2,4,1,1,2,3,2,3,1,67.13,USA,US,840,USN,1,United States,,,38,-97,,United States,US
USA,8/31/20,90131659,6013011,2184825,183684,0,0,0,326687501,3,2,2,4,1,1,2,3,2,3,1,67.13,USA,US,840,USN,1,United States,,,38,-97,,United States,US
USA,9/1/20,91004701,6054607,2202663,184749,0,0,0,326687501,3,2,2,4,1,1,2,3,2,3,1,67.13,USA,US,840,USN,1,United States,,,38,-97,,United States,US
USA,9/2/20,91986402,6095534,2231757,185801,0,0,0,326687501,3,2,2,4,1,1,2,3,2,3,1,67.13,USA,US,840,USN,1,United States,,,38,-97,,United States,US
USA,9/3/20,92989918,6139311,2266957,186868,0,0,0,326687501,3,2,2,4,1,1,2,3,2,3,1,67.13,USA,US,840,USN,1,United States,,,38,-97,,United States,US
USA,9/4/20,94027251,6189453,2283454,187835,0,0,0,326687501,3,2,2,4,1,1,2,3,2,3,1,67.13,USA,US,840,USN,1,United States,,,38,-97,,United States,US
USA,9/5/20,94826685,6232569,2302187,188608,0,0,0,326687501,3,2,2,4,1,1,2,3,2,3,1,67.13,USA,US,840,USN,1,United States,,,38,-97,,United States,US
USA,9/6/20,95386407,6263967,2315995,189019,0,0,0,326687501,3,2,2,4,1,1,2,3,2,3,1,67.13,USA,US,840,USN,1,United States,,,38,-97,,United States,US
USA,9/7/20,95794572,6287484,2333551,189293,0,0,0,326687501,3,2,2,4,1,1,2,3,2,3,1,67.13,USA,US,840,USN,1,United States,,,38,-97,,United States,US
USA,9/8/20,96431066,6314339,2359111,189740,0,0,0,326687501,3,2,2,4,1,1,2,3,2,3,1,67.13,USA,US,840,USN,1,United States,,,38,-97,,United States,US
USA,9/9/20,97336052,6348188,2387479,190923,0,0,0,326687501,3,2,2,4,1,1,2,3,2,3,1,67.13,USA,US,840,USN,1,United States,,,38,-97,,United States,US
USA,9/10/20,98368795,6384163,2403511,191830,0,0,0,326687501,3,2,2,4,1,1,2,3,2,3,1,67.13,USA,US,840,USN,1,United States,,,38,-97,,United States,US
USA,9/11/20,99431246,6431466,2417878,193043,0,0,0,326687501,3,2,2,4,1,1,2,3,2,3,1,67.13,USA,US,840,USN,1,United States,,,38,-97,,United States,US
USA,9/12/20,100273800,6472367,2434658,193753,0,0,0,326687501,3,2,2,3,1,1,2,3,2,3,1,62.5,USA,US,840,USN,1,United States,,,38,-97,,United States,US
USA,9/13/20,100889067,6506533,2451406,194139,0,0,0,326687501,3,2,2,3,1,1,2,3,2,3,1,62.5,USA,US,840,USN,1,United States,,,38,-97,,United States,US
USA,9/14/20,101580077,6540379,2474570,194563,0,0,0,326687501,3,2,2,3,1,1,2,3,2,3,1,62.5,USA,US,840,USN,1,United States,,,38,-97,,United States,US
USA,9/15/20,102540041,6579728,2495127,195851,0,0,0,326687501,3,2,2,3,1,1,2,3,2,3,1,62.5,USA,US,840,USN,1,United States,,,38,-97,,United States,US
USA,9/16/20,103635156,6618161,2525573,196830,0,0,0,326687501,3,2,2,3,1,1,2,3,2,3,1,62.5,USA,US,840,USN,1,United States,,,38,-97,,United States,US
USA,9/17/20,104743277,6663061,2540334,197700,0,0,0,326687501,3,2,2,3,1,1,2,3,2,3,1,62.5,USA,US,840,USN,1,United States,,,38,-97,,United States,US
USA,9/18/20,105928781,6711680,2556465,198632,0,0,0,326687501,3,2,2,3,1,1,2,3,2,3,1,62.5,USA,US,840,USN,1,United States,,,38,-97,,United States,US
USA,9/19/20,106839608,6754647,2577446,199347,0,0,0,326687501,3,2,2,3,1,1,2,3,2,3,1,62.5,USA,US,840,USN,1,United States,,,38,-97,,United States,US
USA,9/20/20,107458429,6792454,2590671,199589,0,0,0,326687501,3,2,2,3,1,1,2,3,2,3,1,62.5,USA,US,840,USN,1,United States,,,38,-97,,United States,US
USA,9/21/20,108187756,6843972,2615949,200015,0,0,0,326687501,3,2,2,3,1,1,2,3,2,3,1,62.5,USA,US,840,USN,1,United States,,,38,-97,,United States,US
USA,9/22/20,109176357,6883437,2646959,201038,0,0,0,326687501,3,2,2,3,1,1,2,3,2,3,1,62.5,USA,US,840,USN,1,United States,,,38,-97,,United States,US
USA,9/23/20,110316436,6921997,2670256,202139,0,0,0,326687501,3,2,2,3,1,1,2,3,2,3,1,62.5,USA,US,840,USN,1,United States,,,38,-97,,United States,US
USA,9/24/20,111458601,6967687,2710183,203057,0,0,0,326687501,3,2,2,3,1,1,2,3,2,3,1,62.5,USA,US,840,USN,1,United States,,,38,-97,,United States,US
USA,9/25/20,112549055,7015737,2727335,203996,0,0,0,326687501,3,2,2,3,1,1,2,3,2,3,1,62.5,USA,US,840,USN,1,United States,,,38,-97,,United States,US
USA,9/26/20,113459830,7059974,2750459,204742,0,0,0,326687501,3,2,2,3,1,1,2,3,2,3,1,62.5,USA,US,840,USN,1,United States,,,38,-97,,United States,US
USA,9/27/20,114050510,7097217,2766280,205024,0,0,0,326687501,3,2,2,3,1,1,2,3,2,3,1,62.5,USA,US,840,USN,1,United States,,,38,-97,,United States,US
USA,9/28/20,114705963,7129408,2794608,205345,0,0,0,326687501,3,2,2,3,1,1,2,3,2,3,1,62.5,USA,US,840,USN,1,United States,,,38,-97,,United States,US
USA,9/29/20,115668910,7172182,2813305,206257,0,0,0,326687501,3,2,2,3,1,1,2,3,2,3,1,62.5,USA,US,840,USN,1,United States,,,38,-97,,United States,US
USA,9/30/20,116842843,7213326,2840688,207190,0,0,0,326687501,3,2,2,3,1,1,2,3,2,3,1,62.5,USA,US,840,USN,1,United States,,,38,-97,,United States,US
USA,10/1/20,118009253,7258592,2860650,208044,0,0,0,326687501,3,2,2,3,1,1,2,3,2,3,1,62.5,USA,US,840,USN,1,United States,,,38,-97,,United States,US
USA,10/2/20,119132115,7312775,2873369,208968,0,0,0,326687501,3,2,2,3,1,1,2,3,2,3,1,62.5,USA,US,840,USN,1,United States,,,38,-97,,United States,US
USA,10/3/20,120062784,7361385,2897322,209649,0,0,0,326687501,3,2,2,3,1,1,2,3,2,3,1,62.5,USA,US,840,USN,1,United States,,,38,-97,,United States,US
USA,10/4/20,120687701,7397455,2911699,209998,0,0,0,326687501,3,2,2,3,1,1,2,3,2,3,1,62.5,USA,US,840,USN,1,United States,,,38,-97,,United States,US
USA,10/5/20,121457051,7436312,2935142,210460,0,0,0,326687501,3,2,2,3,1,1,2,3,2,3,1,62.5,USA,US,840,USN,1,United States,,,38,-97,,United States,US
USA,10/6/20,122602321,7479029,2952390,211165,0,0,0,326687501,3,2,2,3,1,1,2,3,2,3,1,62.5,USA,US,840,USN,1,United States,,,38,-97,,United States,US
USA,10/7/20,123908743,7529600,2999895,212090,0,0,0,326687501,3,2,2,3,1,1,2,3,2,3,1,62.5,USA,US,840,USN,1,United States,,,38,-97,,United States,US
USA,10/8/20,125235968,7587826,3021252,213064,0,0,0,326687501,3,2,2,3,1,1,2,3,2,3,1,62.5,USA,US,840,USN,1,United States,,,38,-97,,United States,US
USA,10/9/20,126544949,7643776,3039089,214029,0,0,0,326687501,3,2,2,3,1,1,2,3,2,3,1,62.5,USA,US,840,USN,1,United States,,,38,-97,,United States,US
USA,10/10/20,127587161,7697676,3062983,214656,0,0,0,326687501,3,2,2,3,1,1,2,3,2,3,1,62.5,USA,US,840,USN,1,United States,,,38,-97,,United States,US
USA,10/11/20,128311682,7743468,3075077,215078,0,0,0,326687501,3,2,2,3,1,1,2,3,2,3,1,62.5,USA,US,840,USN,1,United States,,,38,-97,,United States,US
USA,10/12/20,129085375,7784396,3106728,215415,0,0,0,326687501,3,2,2,3,1,1,2,3,2,3,1,62.5,USA,US,840,USN,1,United States,,,38,-97,,United States,US
USA,10/13/20,130079209,7837182,3124593,216212,0,0,0,326687501,3,2,2,3,1,2,2,3,2,3,1,66.2,USA,US,840,USN,1,United States,,,38,-97,,United States,US
USA,10/14/20,131209497,7896552,3155794,217192,0,0,0,326687501,3,2,2,3,1,2,2,3,2,3,1,66.2,USA,US,840,USN,1,United States,,,38,-97,,United States,US
USA,10/15/20,132401273,7960813,3177397,218025,0,0,0,326687501,3,2,2,3,1,2,2,3,2,3,1,66.2,USA,US,840,USN,1,United States,,,38,-97,,United States,US
USA,10/16/20,133655217,8029175,3197539,218934,0,0,0,326687501,3,2,2,3,1,2,2,3,2,3,1,66.2,USA,US,840,USN,1,United States,,,38,-97,,United States,US
USA,10/17/20,134711684,8085940,3220573,219681,0,0,0,326687501,3,2,2,3,1,2,2,3,2,3,1,66.2,USA,US,840,USN,1,United States,,,38,-97,,United States,US
USA,10/18/20,135455713,8135180,3234138,220109,0,0,0,326687501,3,2,2,3,1,2,2,3,2,3,1,66.2,USA,US,840,USN,1,United States,,,38,-97,,United States,US
USA,10/19/20,136288090,8201980,3272603,220574,0,0,0,326687501,3,2,2,3,1,2,2,3,2,3,1,66.2,USA,US,840,USN,1,United States,,,38,-97,,United States,US
USA,10/20/20,137459102,8263008,3295148,221510,0,0,0,326687501,3,2,2,3,1,2,2,3,2,3,1,66.2,USA,US,840,USN,1,United States,,,38,-97,,United States,US
USA,10/21/20,138821383,8325891,3323354,222627,0,0,0,326687501,3,2,2,3,1,2,2,3,2,3,1,66.2,USA,US,840,USN,1,United States,,,38,-97,,United States,US
USA,10/22/20,140251746,8400991,3353056,223500,0,0,0,326687501,3,2,2,3,1,2,2,3,2,3,1,66.2,USA,US,840,USN,1,United States,,,38,-97,,United States,US
USA,10/23/20,141632666,8481812,3375427,224441,0,0,0,326687501,3,2,2,3,1,2,2,3,2,3,1,66.2,USA,US,840,USN,1,United States,,,38,-97,,United States,US
USA,10/24/20,142745821,8564592,3406656,225383,0,0,0,326687501,3,2,2,3,1,2,2,3,2,3,1,66.2,USA,US,840,USN,1,United States,,,38,-97,,United States,US
USA,10/25/20,143517041,8626352,3422878,225761,0,0,0,326687501,3,2,2,3,1,2,2,3,2,3,1,66.2,USA,US,840,USN,1,United States,,,38,-97,,United States,US
USA,10/26/20,144426119,8692595,3460455,226265,0,0,0,326687501,3,2,2,3,1,1,2,3,2,3,1,62.5,USA,US,840,USN,1,United States,,,38,-97,,United States,US
USA,10/27/20,145658725,8768402,3487666,227240,0,0,0,326687501,3,2,2,3,1,1,2,3,2,3,1,62.5,USA,US,840,USN,1,United States,,,38,-97,,United States,US
USA,10/28/20,147017974,8846899,3518140,228241,0,0,0,326687501,3,2,2,3,1,1,2,3,2,3,1,62.5,USA,US,840,USN,1,United States,,,38,-97,,United States,US
USA,10/29/20,148388757,8936997,3554336,229214,0,0,0,326687501,3,2,2,3,1,1,2,3,2,3,1,62.5,USA,US,840,USN,1,United States,,,38,-97,,United States,US
USA,10/30/20,149807044,9035265,3578452,230232,0,0,0,326687501,3,2,2,3,1,1,2,3,2,3,1,62.5,USA,US,840,USN,1,United States,,,38,-97,,United States,US
USA,10/31/20,150970563,9123994,3612478,231123,0,0,0,326687501,3,2,2,3,1,1,2,3,2,3,1,62.5,USA,US,840,USN,1,United States,,,38,-97,,United States,US
USA,11/1/20,151853222,9199595,3630579,231531,0,0,0,326687501,3,2,2,3,1,1,2,3,2,3,1,62.5,USA,US,840,USN,1,United States,,,38,-97,,United States,US
USA,11/2/20,152807402,9281802,3674981,232066,0,0,0,326687501,3,2,2,3,1,1,2,3,2,3,1,62.5,USA,US,840,USN,1,United States,,,38,-97,,United States,US
USA,11/3/20,154044999,9405633,3705130,233638,0,0,0,326687501,3,2,2,3,1,1,2,3,2,3,1,62.5,USA,US,840,USN,1,United States,,,38,-97,,United States,US
USA,11/4/20,155525930,9508154,3743527,234711,0,0,0,326687501,3,2,2,3,1,1,2,3,2,3,1,62.5,USA,US,840,USN,1,United States,,,38,-97,,United States,US
USA,11/5/20,157067008,9634074,3781751,235870,0,0,0,326687501,3,2,2,3,1,1,2,3,2,3,1,62.5,USA,US,840,USN,1,United States,,,38,-97,,United States,US
USA,11/6/20,158583496,9759029,3810791,237000,0,0,0,326687501,3,2,2,3,1,1,2,3,2,3,1,62.5,USA,US,840,USN,1,United States,,,38,-97,,United States,US
USA,11/7/20,159924634,9887116,3851465,238013,0,0,0,326687501,3,2,2,3,1,1,2,3,2,3,1,62.5,USA,US,840,USN,1,United States,,,38,-97,,United States,US
USA,11/8/20,160874286,9996838,3881491,238487,0,0,0,326687501,3,2,2,3,1,1,2,3,2,3,1,62.5,USA,US,840,USN,1,United States,,,38,-97,,United States,US
USA,11/9/20,161991274,10117470,3928845,239183,0,0,0,326687501,3,2,2,3,1,1,2,3,2,3,1,62.5,USA,US,840,USN,1,United States,,,38,-97,,United States,US
USA,11/10/20,163298017,10256089,3961873,240581,0,0,0,326687501,3,2,2,3,1,1,2,3,2,3,1,62.5,USA,US,840,USN,1,United States,,,38,-97,,United States,US
USA,11/11/20,164720497,10399325,3997175,241969,0,0,0,326687501,3,2,2,3,1,1,2,3,2,3,1,62.5,USA,US,840,USN,1,United States,,,38,-97,,United States,US
USA,11/12/20,166201627,10560111,4051256,243187,0,0,0,326687501,3,2,2,3,1,1,2,3,2,3,1,62.5,USA,US,840,USN,1,United States,,,38,-97,,United States,US
USA,11/13/20,167663069,10737335,4095146,244325,0,0,0,326687501,3,2,2,3,1,1,2,3,2,3,1,62.5,USA,US,840,USN,1,United States,,,38,-97,,United States,US
USA,11/14/20,168846973,10903890,4148444,245591,0,0,0,326687501,3,2,2,3,1,1,2,3,2,3,1,62.5,USA,US,840,USN,1,United States,,,38,-97,,United States,US
USA,11/15/20,169719335,11036935,4174884,246207,0,0,0,326687501,3,2,2,3,1,1,2,3,2,3,1,62.5,USA,US,840,USN,1,United States,,,38,-97,,United States,US
USA,11/16/20,170560350,11195388,4244811,246965,0,0,0,326687501,3,2,2,3,1,1,2,3,2,3,1,62.5,USA,US,840,USN,1,United States,,,38,-97,,United States,US
USA,11/17/20,171122505,11357322,4293640,248672,0,0,0,326687501,3,2,2,3,1,1,2,3,2,3,1,62.5,USA,US,840,USN,1,United States,,,38,-97,,United States,US
USA,11/18/20,171122505,11527483,4350789,250520,0,0,0,326687501,3,2,2,3,1,1,2,3,2,3,1,62.5,USA,US,840,USN,1,United States,,,38,-97,,United States,US
USA,11/19/20,171122505,11715316,4410709,252535,0,0,0,326687501,3,2,2,3,1,1,2,3,2,3,1,62.5,USA,US,840,USN,1,United States,,,38,-97,,United States,US
USA,11/20/20,171122505,11715316,4410709,252535,0,0,0,326687501,3,2,2,3,1,1,2,3,2,3,1,62.5,USA,US,840,USN,1,United States,,,38,-97,,United States,US